,waiting_time,active_time,total_fare,fare,time_fare,Q
207,10,360,6,36,30,106.25706481933594
206,10,360,6,36,30,106.25706481933594
205,10,360,6,36,30,106.25706481933594
204,10,360,6,36,30,106.25706481933594
200,10,360,6,24,30,104.64132690429688
203,10,360,6,24,30,104.64132690429688
202,10,360,6,24,30,104.64132690429688
201,10,360,6,24,30,104.64132690429688
223,10,360,12,36,30,104.02406311035156
221,10,360,12,36,30,104.02406311035156
220,10,360,12,36,30,104.02406311035156
222,10,360,12,36,30,104.02406311035156
460,30,360,6,36,30,103.97618865966797
461,30,360,6,36,30,103.97618865966797
463,30,360,6,36,30,103.97618865966797
462,30,360,6,36,30,103.97618865966797
219,10,360,12,24,30,102.67374420166016
218,10,360,12,24,30,102.67374420166016
217,10,360,12,24,30,102.67374420166016
216,10,360,12,24,30,102.67374420166016
457,30,360,6,24,30,102.45864868164062
458,30,360,6,24,30,102.45864868164062
459,30,360,6,24,30,102.45864868164062
456,30,360,6,24,30,102.45864868164062
479,30,360,12,36,30,102.04879760742188
478,30,360,12,36,30,102.04879760742188
477,30,360,12,36,30,102.04879760742188
476,30,360,12,36,30,102.04879760742188
142,10,240,6,36,30,101.62541961669922
141,10,240,6,36,30,101.62541961669922
140,10,240,6,36,30,101.62541961669922
143,10,240,6,36,30,101.62541961669922
199,10,360,6,12,30,101.37230682373047
198,10,360,6,12,30,101.37230682373047
197,10,360,6,12,30,101.37230682373047
196,10,360,6,12,30,101.37230682373047
472,30,360,12,24,30,100.773681640625
473,30,360,12,24,30,100.773681640625
474,30,360,12,24,30,100.773681640625
475,30,360,12,24,30,100.773681640625
136,10,240,6,24,30,100.54161071777344
137,10,240,6,24,30,100.54161071777344
138,10,240,6,24,30,100.54161071777344
139,10,240,6,24,30,100.54161071777344
398,30,240,6,36,30,99.95896911621094
396,30,240,6,36,30,99.95896911621094
397,30,240,6,36,30,99.95896911621094
399,30,240,6,36,30,99.95896911621094
215,10,360,12,12,30,99.9065170288086
214,10,360,12,12,30,99.9065170288086
213,10,360,12,12,30,99.9065170288086
212,10,360,12,12,30,99.9065170288086
452,30,360,6,12,30,99.46376037597656
455,30,360,6,12,30,99.46376037597656
453,30,360,6,12,30,99.46376037597656
454,30,360,6,12,30,99.46376037597656
156,10,240,12,36,30,99.17224884033203
159,10,240,12,36,30,99.17224884033203
158,10,240,12,36,30,99.17224884033203
157,10,240,12,36,30,99.17224884033203
195,10,360,6,6,30,99.13521575927734
194,10,360,6,6,30,99.13521575927734
193,10,360,6,6,30,99.13521575927734
192,10,360,6,6,30,99.13521575927734
395,30,240,6,24,30,98.93089294433594
394,30,240,6,24,30,98.93089294433594
393,30,240,6,24,30,98.93089294433594
392,30,240,6,24,30,98.93089294433594
717,60,360,6,36,30,98.65953063964844
718,60,360,6,36,30,98.65953063964844
719,60,360,6,36,30,98.65953063964844
716,60,360,6,36,30,98.65953063964844
155,10,240,12,24,30,98.34077453613281
154,10,240,12,24,30,98.34077453613281
153,10,240,12,24,30,98.34077453613281
152,10,240,12,24,30,98.34077453613281
135,10,240,6,12,30,98.28932189941406
134,10,240,6,12,30,98.28932189941406
133,10,240,6,12,30,98.28932189941406
132,10,240,6,12,30,98.28932189941406
468,30,360,12,12,30,98.22602081298828
469,30,360,12,12,30,98.22602081298828
471,30,360,12,12,30,98.22602081298828
470,30,360,12,12,30,98.22602081298828
211,10,360,12,6,30,97.98514556884766
209,10,360,12,6,30,97.98514556884766
208,10,360,12,6,30,97.98514556884766
210,10,360,12,6,30,97.98514556884766
415,30,240,12,36,30,97.80047607421875
414,30,240,12,36,30,97.80047607421875
413,30,240,12,36,30,97.80047607421875
412,30,240,12,36,30,97.80047607421875
713,60,360,6,24,30,97.50831604003906
714,60,360,6,24,30,97.50831604003906
715,60,360,6,24,30,97.50831604003906
712,60,360,6,24,30,97.50831604003906
448,30,360,6,6,30,97.47042846679688
449,30,360,6,6,30,97.47042846679688
450,30,360,6,6,30,97.47042846679688
451,30,360,6,6,30,97.47042846679688
732,60,360,12,36,30,97.37459564208984
733,60,360,12,36,30,97.37459564208984
734,60,360,12,36,30,97.37459564208984
735,60,360,12,36,30,97.37459564208984
408,30,240,12,24,30,97.01006317138672
409,30,240,12,24,30,97.01006317138672
411,30,240,12,24,30,97.01006317138672
410,30,240,12,24,30,97.01006317138672
388,30,240,6,12,30,96.84883117675781
389,30,240,6,12,30,96.84883117675781
390,30,240,6,12,30,96.84883117675781
391,30,240,6,12,30,96.84883117675781
128,10,240,6,6,30,96.70033264160156
131,10,240,6,6,30,96.70033264160156
130,10,240,6,6,30,96.70033264160156
129,10,240,6,6,30,96.70033264160156
151,10,240,12,12,30,96.58770751953125
150,10,240,12,12,30,96.58770751953125
149,10,240,12,12,30,96.58770751953125
148,10,240,12,12,30,96.58770751953125
466,30,360,12,6,30,96.50700378417969
465,30,360,12,6,30,96.50700378417969
464,30,360,12,6,30,96.50700378417969
467,30,360,12,6,30,96.50700378417969
731,60,360,12,24,30,96.40147399902344
730,60,360,12,24,30,96.40147399902344
729,60,360,12,24,30,96.40147399902344
728,60,360,12,24,30,96.40147399902344
236,10,360,24,36,30,96.0732421875
238,10,360,24,36,30,96.0732421875
237,10,360,24,36,30,96.0732421875
239,10,360,24,36,30,96.0732421875
652,60,240,6,36,30,95.95016479492188
653,60,240,6,36,30,95.95016479492188
655,60,240,6,36,30,95.95016479492188
654,60,240,6,36,30,95.95016479492188
235,10,360,24,24,30,95.53087615966797
232,10,360,24,24,30,95.53087615966797
233,10,360,24,24,30,95.53087615966797
234,10,360,24,24,30,95.53087615966797
386,30,240,6,6,30,95.42247772216797
385,30,240,6,6,30,95.42247772216797
384,30,240,6,6,30,95.42247772216797
387,30,240,6,6,30,95.42247772216797
404,30,240,12,12,30,95.38644409179688
407,30,240,12,12,30,95.38644409179688
406,30,240,12,12,30,95.38644409179688
405,30,240,12,12,30,95.38644409179688
711,60,360,6,12,30,95.35948944091797
710,60,360,6,12,30,95.35948944091797
708,60,360,6,12,30,95.35948944091797
709,60,360,6,12,30,95.35948944091797
145,10,240,12,6,30,95.33003234863281
146,10,240,12,6,30,95.33003234863281
147,10,240,12,6,30,95.33003234863281
144,10,240,12,6,30,95.33003234863281
648,60,240,6,24,30,95.16500854492188
649,60,240,6,24,30,95.16500854492188
651,60,240,6,24,30,95.16500854492188
650,60,240,6,24,30,95.16500854492188
492,30,360,24,36,30,95.04266357421875
495,30,360,24,36,30,95.04266357421875
493,30,360,24,36,30,95.04266357421875
494,30,360,24,36,30,95.04266357421875
724,60,360,12,12,30,94.56600952148438
725,60,360,12,12,30,94.56600952148438
726,60,360,12,12,30,94.56600952148438
727,60,360,12,12,30,94.56600952148438
491,30,360,24,24,30,94.52960205078125
490,30,360,24,24,30,94.52960205078125
488,30,360,24,24,30,94.52960205078125
489,30,360,24,24,30,94.52960205078125
670,60,240,12,36,30,94.44364166259766
669,60,240,12,36,30,94.44364166259766
671,60,240,12,36,30,94.44364166259766
668,60,240,12,36,30,94.44364166259766
228,10,360,24,12,30,94.36591339111328
230,10,360,24,12,30,94.36591339111328
229,10,360,24,12,30,94.36591339111328
231,10,360,24,12,30,94.36591339111328
400,30,240,12,6,30,94.25614166259766
401,30,240,12,6,30,94.25614166259766
403,30,240,12,6,30,94.25614166259766
402,30,240,12,6,30,94.25614166259766
706,60,360,6,6,30,94.01296997070312
705,60,360,6,6,30,94.01296997070312
704,60,360,6,6,30,94.01296997070312
707,60,360,6,6,30,94.01296997070312
666,60,240,12,24,30,93.84637451171875
664,60,240,12,24,30,93.84637451171875
665,60,240,12,24,30,93.84637451171875
667,60,240,12,24,30,93.84637451171875
647,60,240,6,12,30,93.66668701171875
644,60,240,6,12,30,93.66668701171875
646,60,240,6,12,30,93.66668701171875
645,60,240,6,12,30,93.66668701171875
224,10,360,24,6,30,93.51173400878906
227,10,360,24,6,30,93.51173400878906
226,10,360,24,6,30,93.51173400878906
225,10,360,24,6,30,93.51173400878906
484,30,360,24,12,30,93.45613098144531
485,30,360,24,12,30,93.45613098144531
486,30,360,24,12,30,93.45613098144531
487,30,360,24,12,30,93.45613098144531
720,60,360,12,6,30,93.40301513671875
721,60,360,12,6,30,93.40301513671875
722,60,360,12,6,30,93.40301513671875
723,60,360,12,6,30,93.40301513671875
642,60,240,6,6,30,92.70533752441406
641,60,240,6,6,30,92.70533752441406
640,60,240,6,6,30,92.70533752441406
643,60,240,6,6,30,92.70533752441406
481,30,360,24,6,30,92.69287872314453
480,30,360,24,6,30,92.69287872314453
483,30,360,24,6,30,92.69287872314453
482,30,360,24,6,30,92.69287872314453
663,60,240,12,12,30,92.69224548339844
660,60,240,12,12,30,92.69224548339844
661,60,240,12,12,30,92.69224548339844
662,60,240,12,12,30,92.69224548339844
748,60,360,24,36,30,92.46455383300781
751,60,360,24,36,30,92.46455383300781
750,60,360,24,36,30,92.46455383300781
749,60,360,24,36,30,92.46455383300781
972,90,360,6,36,30,92.38610076904297
973,90,360,6,36,30,92.38610076904297
974,90,360,6,36,30,92.38610076904297
975,90,360,6,36,30,92.38610076904297
77,10,120,6,36,30,92.29425811767578
78,10,120,6,36,30,92.29425811767578
79,10,120,6,36,30,92.29425811767578
76,10,120,6,36,30,92.29425811767578
745,60,360,24,24,30,92.09678649902344
747,60,360,24,24,30,92.09678649902344
746,60,360,24,24,30,92.09678649902344
744,60,360,24,24,30,92.09678649902344
74,10,120,6,24,30,92.05882263183594
73,10,120,6,24,30,92.05882263183594
72,10,120,6,24,30,92.05882263183594
75,10,120,6,24,30,92.05882263183594
656,60,240,12,6,30,91.94161987304688
657,60,240,12,6,30,91.94161987304688
658,60,240,12,6,30,91.94161987304688
659,60,240,12,6,30,91.94161987304688
970,90,360,6,24,30,91.90260314941406
971,90,360,6,24,30,91.90260314941406
968,90,360,6,24,30,91.90260314941406
969,90,360,6,24,30,91.90260314941406
988,90,360,12,36,30,91.72986602783203
989,90,360,12,36,30,91.72986602783203
990,90,360,12,36,30,91.72986602783203
991,90,360,12,36,30,91.72986602783203
335,30,120,6,36,30,91.63187408447266
334,30,120,6,36,30,91.63187408447266
333,30,120,6,36,30,91.63187408447266
332,30,120,6,36,30,91.63187408447266
68,10,120,6,12,30,91.54124450683594
69,10,120,6,12,30,91.54124450683594
71,10,120,6,12,30,91.54124450683594
70,10,120,6,12,30,91.54124450683594
328,30,120,6,24,30,91.42033386230469
329,30,120,6,24,30,91.42033386230469
330,30,120,6,24,30,91.42033386230469
331,30,120,6,24,30,91.42033386230469
743,60,360,24,12,30,91.37419128417969
742,60,360,24,12,30,91.37419128417969
741,60,360,24,12,30,91.37419128417969
740,60,360,24,12,30,91.37419128417969
984,90,360,12,24,30,91.34232330322266
985,90,360,12,24,30,91.34232330322266
986,90,360,12,24,30,91.34232330322266
987,90,360,12,24,30,91.34232330322266
64,10,120,6,6,30,91.1511459350586
67,10,120,6,6,30,91.1511459350586
66,10,120,6,6,30,91.1511459350586
65,10,120,6,6,30,91.1511459350586
964,90,360,6,12,30,91.05438232421875
967,90,360,6,12,30,91.05438232421875
966,90,360,6,12,30,91.05438232421875
965,90,360,6,12,30,91.05438232421875
910,90,240,6,36,30,90.98263549804688
911,90,240,6,36,30,90.98263549804688
909,90,240,6,36,30,90.98263549804688
908,90,240,6,36,30,90.98263549804688
324,30,120,6,12,30,90.96731567382812
327,30,120,6,12,30,90.96731567382812
326,30,120,6,12,30,90.96731567382812
325,30,120,6,12,30,90.96731567382812
738,60,360,24,6,30,90.89556884765625
736,60,360,24,6,30,90.89556884765625
739,60,360,24,6,30,90.89556884765625
737,60,360,24,6,30,90.89556884765625
172,10,240,24,36,30,90.82604217529297
175,10,240,24,36,30,90.82604217529297
174,10,240,24,36,30,90.82604217529297
173,10,240,24,36,30,90.82604217529297
906,90,240,6,24,30,90.70086669921875
905,90,240,6,24,30,90.70086669921875
904,90,240,6,24,30,90.70086669921875
907,90,240,6,24,30,90.70086669921875
171,10,240,24,24,30,90.69609069824219
170,10,240,24,24,30,90.69609069824219
169,10,240,24,24,30,90.69609069824219
168,10,240,24,24,30,90.69609069824219
980,90,360,12,12,30,90.65765380859375
981,90,360,12,12,30,90.65765380859375
983,90,360,12,12,30,90.65765380859375
982,90,360,12,12,30,90.65765380859375
322,30,120,6,6,30,90.63632202148438
320,30,120,6,6,30,90.63632202148438
323,30,120,6,6,30,90.63632202148438
321,30,120,6,6,30,90.63632202148438
963,90,360,6,6,30,90.5558853149414
962,90,360,6,6,30,90.5558853149414
961,90,360,6,6,30,90.5558853149414
960,90,360,6,6,30,90.5558853149414
167,10,240,24,12,30,90.40782928466797
164,10,240,24,12,30,90.40782928466797
165,10,240,24,12,30,90.40782928466797
166,10,240,24,12,30,90.40782928466797
431,30,240,24,36,30,90.29227447509766
428,30,240,24,36,30,90.29227447509766
430,30,240,24,36,30,90.29227447509766
429,30,240,24,36,30,90.29227447509766
977,90,360,12,6,30,90.25239562988281
976,90,360,12,6,30,90.25239562988281
978,90,360,12,6,30,90.25239562988281
979,90,360,12,6,30,90.25239562988281
900,90,240,6,12,30,90.19905853271484
901,90,240,6,12,30,90.19905853271484
902,90,240,6,12,30,90.19905853271484
903,90,240,6,12,30,90.19905853271484
161,10,240,24,6,30,90.18812561035156
160,10,240,24,6,30,90.18812561035156
163,10,240,24,6,30,90.18812561035156
162,10,240,24,6,30,90.18812561035156
427,30,240,24,24,30,90.18638610839844
425,30,240,24,24,30,90.18638610839844
426,30,240,24,24,30,90.18638610839844
424,30,240,24,24,30,90.18638610839844
925,90,240,12,36,30,90.16879272460938
926,90,240,12,36,30,90.16879272460938
924,90,240,12,36,30,90.16879272460938
927,90,240,12,36,30,90.16879272460938
923,90,240,12,24,30,89.99797058105469
922,90,240,12,24,30,89.99797058105469
921,90,240,12,24,30,89.99797058105469
920,90,240,12,24,30,89.99797058105469
422,30,240,24,12,30,89.95750427246094
423,30,240,24,12,30,89.95750427246094
420,30,240,24,12,30,89.95750427246094
421,30,240,24,12,30,89.95750427246094
591,60,120,6,36,30,89.9285888671875
590,60,120,6,36,30,89.9285888671875
589,60,120,6,36,30,89.9285888671875
588,60,120,6,36,30,89.9285888671875
897,90,240,6,6,30,89.89958190917969
896,90,240,6,6,30,89.89958190917969
898,90,240,6,6,30,89.89958190917969
899,90,240,6,6,30,89.89958190917969
586,60,120,6,24,30,89.8256607055664
587,60,120,6,24,30,89.8256607055664
585,60,120,6,24,30,89.8256607055664
584,60,120,6,24,30,89.8256607055664
416,30,240,24,6,30,89.78843688964844
418,30,240,24,6,30,89.78843688964844
419,30,240,24,6,30,89.78843688964844
417,30,240,24,6,30,89.78843688964844
918,90,240,12,12,30,89.69107055664062
919,90,240,12,12,30,89.69107055664062
917,90,240,12,12,30,89.69107055664062
916,90,240,12,12,30,89.69107055664062
95,10,120,12,36,30,89.68933868408203
94,10,120,12,36,30,89.68933868408203
93,10,120,12,36,30,89.68933868408203
92,10,120,12,36,30,89.68933868408203
91,10,120,12,24,30,89.63572692871094
88,10,120,12,24,30,89.63572692871094
89,10,120,12,24,30,89.63572692871094
90,10,120,12,24,30,89.63572692871094
580,60,120,6,12,30,89.6189956665039
581,60,120,6,12,30,89.6189956665039
582,60,120,6,12,30,89.6189956665039
583,60,120,6,12,30,89.6189956665039
87,10,120,12,12,30,89.51595306396484
86,10,120,12,12,30,89.51595306396484
85,10,120,12,12,30,89.51595306396484
84,10,120,12,12,30,89.51595306396484
914,90,240,12,6,30,89.50625610351562
912,90,240,12,6,30,89.50625610351562
913,90,240,12,6,30,89.50625610351562
915,90,240,12,6,30,89.50625610351562
577,60,120,6,6,30,89.47874450683594
576,60,120,6,6,30,89.47874450683594
578,60,120,6,6,30,89.47874450683594
579,60,120,6,6,30,89.47874450683594
83,10,120,12,6,30,89.42386627197266
82,10,120,12,6,30,89.42386627197266
80,10,120,12,6,30,89.42386627197266
81,10,120,12,6,30,89.42386627197266
350,30,120,12,36,30,89.2495346069336
349,30,120,12,36,30,89.2495346069336
348,30,120,12,36,30,89.2495346069336
351,30,120,12,36,30,89.2495346069336
347,30,120,12,24,30,89.22084045410156
345,30,120,12,24,30,89.22084045410156
344,30,120,12,24,30,89.22084045410156
346,30,120,12,24,30,89.22084045410156
343,30,120,12,12,30,89.15835571289062
342,30,120,12,12,30,89.15835571289062
341,30,120,12,12,30,89.15835571289062
340,30,120,12,12,30,89.15835571289062
336,30,120,12,6,30,89.11180114746094
339,30,120,12,6,30,89.11180114746094
338,30,120,12,6,30,89.11180114746094
337,30,120,12,6,30,89.11180114746094
1004,90,360,24,36,30,89.06094360351562
1006,90,360,24,36,30,89.06094360351562
1007,90,360,24,36,30,89.06094360351562
1005,90,360,24,36,30,89.06094360351562
1002,90,360,24,24,30,89.03398132324219
1003,90,360,24,24,30,89.03398132324219
1001,90,360,24,24,30,89.03398132324219
1000,90,360,24,24,30,89.03398132324219
999,90,360,24,12,30,88.98493194580078
998,90,360,24,12,30,88.98493194580078
997,90,360,24,12,30,88.98493194580078
996,90,360,24,12,30,88.98493194580078
993,90,360,24,6,30,88.95501708984375
995,90,360,24,6,30,88.95501708984375
994,90,360,24,6,30,88.95501708984375
992,90,360,24,6,30,88.95501708984375
687,60,240,24,36,30,88.90467071533203
686,60,240,24,36,30,88.90467071533203
685,60,240,24,36,30,88.90467071533203
684,60,240,24,36,30,88.90467071533203
683,60,240,24,24,30,88.89924621582031
682,60,240,24,24,30,88.89924621582031
681,60,240,24,24,30,88.89924621582031
680,60,240,24,24,30,88.89924621582031
679,60,240,24,12,30,88.88821411132812
676,60,240,24,12,30,88.88821411132812
677,60,240,24,12,30,88.88821411132812
678,60,240,24,12,30,88.88821411132812
672,60,240,24,6,30,88.88065338134766
674,60,240,24,6,30,88.88065338134766
675,60,240,24,6,30,88.88065338134766
673,60,240,24,6,30,88.88065338134766
595,60,120,12,6,30,88.39735412597656
594,60,120,12,6,30,88.39735412597656
592,60,120,12,6,30,88.39735412597656
593,60,120,12,6,30,88.39735412597656
596,60,120,12,12,30,88.30200958251953
597,60,120,12,12,30,88.30200958251953
598,60,120,12,12,30,88.30200958251953
599,60,120,12,12,30,88.30200958251953
835,90,120,6,6,30,88.18445587158203
832,90,120,6,6,30,88.18445587158203
833,90,120,6,6,30,88.18445587158203
834,90,120,6,6,30,88.18445587158203
603,60,120,12,24,30,88.16403198242188
602,60,120,12,24,30,88.16403198242188
601,60,120,12,24,30,88.16403198242188
600,60,120,12,24,30,88.16403198242188
605,60,120,12,36,30,88.09642028808594
606,60,120,12,36,30,88.09642028808594
604,60,120,12,36,30,88.09642028808594
607,60,120,12,36,30,88.09642028808594
839,90,120,6,12,30,88.0089111328125
838,90,120,6,12,30,88.0089111328125
837,90,120,6,12,30,88.0089111328125
836,90,120,6,12,30,88.0089111328125
930,90,240,24,6,30,87.85055541992188
928,90,240,24,6,30,87.85055541992188
929,90,240,24,6,30,87.85055541992188
931,90,240,24,6,30,87.85055541992188
840,90,120,6,24,30,87.72601318359375
841,90,120,6,24,30,87.72601318359375
842,90,120,6,24,30,87.72601318359375
843,90,120,6,24,30,87.72601318359375
934,90,240,24,12,30,87.58997344970703
933,90,240,24,12,30,87.58997344970703
932,90,240,24,12,30,87.58997344970703
935,90,240,24,12,30,87.58997344970703
848,90,120,12,6,30,87.57687377929688
849,90,120,12,6,30,87.57687377929688
850,90,120,12,6,30,87.57687377929688
851,90,120,12,6,30,87.57687377929688
847,90,120,6,36,30,87.57301330566406
845,90,120,6,36,30,87.57301330566406
846,90,120,6,36,30,87.57301330566406
844,90,120,6,36,30,87.57301330566406
852,90,120,12,12,30,87.24835968017578
853,90,120,12,12,30,87.24835968017578
855,90,120,12,12,30,87.24835968017578
854,90,120,12,12,30,87.24835968017578
939,90,240,24,24,30,87.17308044433594
938,90,240,24,24,30,87.17308044433594
937,90,240,24,24,30,87.17308044433594
936,90,240,24,24,30,87.17308044433594
942,90,240,24,36,30,86.9491958618164
941,90,240,24,36,30,86.9491958618164
940,90,240,24,36,30,86.9491958618164
943,90,240,24,36,30,86.9491958618164
1,10,60,6,6,30,86.7792739868164
0,10,60,6,6,30,86.7792739868164
3,10,60,6,6,30,86.7792739868164
2,10,60,6,6,30,86.7792739868164
259,30,60,6,6,30,86.74465942382812
257,30,60,6,6,30,86.74465942382812
256,30,60,6,6,30,86.74465942382812
258,30,60,6,6,30,86.74465942382812
856,90,120,12,24,30,86.72592163085938
857,90,120,12,24,30,86.72592163085938
858,90,120,12,24,30,86.72592163085938
859,90,120,12,24,30,86.72592163085938
512,60,60,6,6,30,86.66313171386719
515,60,60,6,6,30,86.66313171386719
514,60,60,6,6,30,86.66313171386719
513,60,60,6,6,30,86.66313171386719
769,90,60,6,6,30,86.56539916992188
768,90,60,6,6,30,86.56539916992188
770,90,60,6,6,30,86.56539916992188
771,90,60,6,6,30,86.56539916992188
7,10,60,6,12,30,86.48084259033203
6,10,60,6,12,30,86.48084259033203
5,10,60,6,12,30,86.48084259033203
4,10,60,6,12,30,86.48084259033203
863,90,120,12,36,30,86.44693756103516
862,90,120,12,36,30,86.44693756103516
861,90,120,12,36,30,86.44693756103516
860,90,120,12,36,30,86.44693756103516
260,30,60,6,12,30,86.40843200683594
261,30,60,6,12,30,86.40843200683594
262,30,60,6,12,30,86.40843200683594
263,30,60,6,12,30,86.40843200683594
516,60,60,6,12,30,86.22981262207031
518,60,60,6,12,30,86.22981262207031
517,60,60,6,12,30,86.22981262207031
519,60,60,6,12,30,86.22981262207031
11,10,60,6,24,30,86.10394287109375
10,10,60,6,24,30,86.10394287109375
9,10,60,6,24,30,86.10394287109375
8,10,60,6,24,30,86.10394287109375
772,90,60,6,12,30,85.99940490722656
773,90,60,6,12,30,85.99940490722656
774,90,60,6,12,30,85.99940490722656
775,90,60,6,12,30,85.99940490722656
265,30,60,6,24,30,85.97044372558594
267,30,60,6,24,30,85.97044372558594
266,30,60,6,24,30,85.97044372558594
264,30,60,6,24,30,85.97044372558594
15,10,60,6,36,30,85.93922424316406
14,10,60,6,36,30,85.93922424316406
13,10,60,6,36,30,85.93922424316406
12,10,60,6,36,30,85.93922424316406
1008,90,360,36,6,30,85.79586791992188
1009,90,360,36,6,30,85.79586791992188
1010,90,360,36,6,30,85.79586791992188
1011,90,360,36,6,30,85.79586791992188
787,90,60,12,6,30,85.78239440917969
786,90,60,12,6,30,85.78239440917969
785,90,60,12,6,30,85.78239440917969
784,90,60,12,6,30,85.78239440917969
271,30,60,6,36,30,85.774169921875
268,30,60,6,36,30,85.774169921875
269,30,60,6,36,30,85.774169921875
270,30,60,6,36,30,85.774169921875
523,60,60,6,24,30,85.6202392578125
522,60,60,6,24,30,85.6202392578125
521,60,60,6,24,30,85.6202392578125
520,60,60,6,24,30,85.6202392578125
753,60,360,36,6,30,85.39608764648438
752,60,360,36,6,30,85.39608764648438
754,60,360,36,6,30,85.39608764648438
755,60,360,36,6,30,85.39608764648438
530,60,60,12,6,30,85.37431335449219
529,60,60,12,6,30,85.37431335449219
528,60,60,12,6,30,85.37431335449219
531,60,60,12,6,30,85.37431335449219
526,60,60,6,36,30,85.3288345336914
525,60,60,6,36,30,85.3288345336914
524,60,60,6,36,30,85.3288345336914
527,60,60,6,36,30,85.3288345336914
779,90,60,6,24,30,85.11885070800781
776,90,60,6,24,30,85.11885070800781
777,90,60,6,24,30,85.11885070800781
778,90,60,6,24,30,85.11885070800781
865,90,120,24,6,30,85.1177978515625
866,90,120,24,6,30,85.1177978515625
867,90,120,24,6,30,85.1177978515625
864,90,120,24,6,30,85.1177978515625
497,30,360,36,6,30,85.07293701171875
496,30,360,36,6,30,85.07293701171875
498,30,360,36,6,30,85.07293701171875
499,30,360,36,6,30,85.07293701171875
1015,90,360,36,12,30,85.06330871582031
1012,90,360,36,12,30,85.06330871582031
1013,90,360,36,12,30,85.06330871582031
1014,90,360,36,12,30,85.06330871582031
788,90,60,12,12,30,85.04703521728516
791,90,60,12,12,30,85.04703521728516
790,90,60,12,12,30,85.04703521728516
789,90,60,12,12,30,85.04703521728516
272,30,60,12,6,30,85.04462432861328
273,30,60,12,6,30,85.04462432861328
274,30,60,12,6,30,85.04462432861328
275,30,60,12,6,30,85.04462432861328
243,10,360,36,6,30,84.9384765625
241,10,360,36,6,30,84.9384765625
240,10,360,36,6,30,84.9384765625
242,10,360,36,6,30,84.9384765625
19,10,60,12,6,30,84.90748596191406
18,10,60,12,6,30,84.90748596191406
17,10,60,12,6,30,84.90748596191406
16,10,60,12,6,30,84.90748596191406
757,60,360,36,12,30,84.74600982666016
759,60,360,36,12,30,84.74600982666016
758,60,360,36,12,30,84.74600982666016
756,60,360,36,12,30,84.74600982666016
533,60,60,12,12,30,84.72071075439453
534,60,60,12,12,30,84.72071075439453
532,60,60,12,12,30,84.72071075439453
535,60,60,12,12,30,84.72071075439453
783,90,60,6,36,30,84.658203125
782,90,60,6,36,30,84.658203125
780,90,60,6,36,30,84.658203125
781,90,60,6,36,30,84.658203125
500,30,360,36,12,30,84.50824737548828
501,30,360,36,12,30,84.50824737548828
502,30,360,36,12,30,84.50824737548828
503,30,360,36,12,30,84.50824737548828
276,30,60,12,12,30,84.4763412475586
277,30,60,12,12,30,84.4763412475586
278,30,60,12,12,30,84.4763412475586
279,30,60,12,12,30,84.4763412475586
245,10,360,36,12,30,84.413818359375
247,10,360,36,12,30,84.413818359375
246,10,360,36,12,30,84.413818359375
244,10,360,36,12,30,84.413818359375
20,10,60,12,12,30,84.37934112548828
21,10,60,12,12,30,84.37934112548828
22,10,60,12,12,30,84.37934112548828
23,10,60,12,12,30,84.37934112548828
611,60,120,24,6,30,84.31513214111328
610,60,120,24,6,30,84.31513214111328
609,60,120,24,6,30,84.31513214111328
608,60,120,24,6,30,84.31513214111328
869,90,120,24,12,30,84.2484130859375
871,90,120,24,12,30,84.2484130859375
870,90,120,24,12,30,84.2484130859375
868,90,120,24,12,30,84.2484130859375
944,90,240,36,6,30,83.9857177734375
945,90,240,36,6,30,83.9857177734375
946,90,240,36,6,30,83.9857177734375
947,90,240,36,6,30,83.9857177734375
1016,90,360,36,24,30,83.94218444824219
1017,90,360,36,24,30,83.94218444824219
1018,90,360,36,24,30,83.94218444824219
1019,90,360,36,24,30,83.94218444824219
793,90,60,12,24,30,83.92193603515625
795,90,60,12,24,30,83.92193603515625
794,90,60,12,24,30,83.92193603515625
792,90,60,12,24,30,83.92193603515625
760,60,360,36,24,30,83.84982299804688
761,60,360,36,24,30,83.84982299804688
762,60,360,36,24,30,83.84982299804688
763,60,360,36,24,30,83.84982299804688
539,60,60,12,24,30,83.82001495361328
536,60,60,12,24,30,83.82001495361328
537,60,60,12,24,30,83.82001495361328
538,60,60,12,24,30,83.82001495361328
507,30,360,36,24,30,83.7875747680664
505,30,360,36,24,30,83.7875747680664
504,30,360,36,24,30,83.7875747680664
506,30,360,36,24,30,83.7875747680664
249,10,360,36,24,30,83.76432037353516
251,10,360,36,24,30,83.76432037353516
250,10,360,36,24,30,83.76432037353516
248,10,360,36,24,30,83.76432037353516
282,30,60,12,24,30,83.75135803222656
280,30,60,12,24,30,83.75135803222656
281,30,60,12,24,30,83.75135803222656
283,30,60,12,24,30,83.75135803222656
26,10,60,12,24,30,83.72572326660156
27,10,60,12,24,30,83.72572326660156
25,10,60,12,24,30,83.72572326660156
24,10,60,12,24,30,83.72572326660156
352,30,120,24,6,30,83.68359375
353,30,120,24,6,30,83.68359375
354,30,120,24,6,30,83.68359375
355,30,120,24,6,30,83.68359375
614,60,120,24,12,30,83.49974060058594
615,60,120,24,12,30,83.49974060058594
613,60,120,24,12,30,83.49974060058594
612,60,120,24,12,30,83.49974060058594
252,10,360,36,36,30,83.48495483398438
255,10,360,36,36,30,83.48495483398438
254,10,360,36,36,30,83.48495483398438
253,10,360,36,36,30,83.48495483398438
510,30,360,36,36,30,83.469970703125
509,30,360,36,36,30,83.469970703125
508,30,360,36,36,30,83.469970703125
511,30,360,36,36,30,83.469970703125
30,10,60,12,36,30,83.44466400146484
31,10,60,12,36,30,83.44466400146484
29,10,60,12,36,30,83.44466400146484
28,10,60,12,36,30,83.44466400146484
287,30,60,12,36,30,83.43193817138672
284,30,60,12,36,30,83.43193817138672
285,30,60,12,36,30,83.43193817138672
286,30,60,12,36,30,83.43193817138672
766,60,360,36,36,30,83.42877197265625
767,60,360,36,36,30,83.42877197265625
765,60,360,36,36,30,83.42877197265625
764,60,360,36,36,30,83.42877197265625
97,10,120,24,6,30,83.42521667480469
99,10,120,24,6,30,83.42521667480469
98,10,120,24,6,30,83.42521667480469
96,10,120,24,6,30,83.42521667480469
542,60,60,12,36,30,83.39696502685547
540,60,60,12,36,30,83.39696502685547
541,60,60,12,36,30,83.39696502685547
543,60,60,12,36,30,83.39696502685547
1022,90,360,36,36,30,83.36447143554688
1021,90,360,36,36,30,83.36447143554688
1020,90,360,36,36,30,83.36447143554688
1023,90,360,36,36,30,83.36447143554688
796,90,60,12,36,30,83.34232330322266
799,90,60,12,36,30,83.34232330322266
798,90,60,12,36,30,83.34232330322266
797,90,60,12,36,30,83.34232330322266
357,30,120,24,12,30,82.95463562011719
358,30,120,24,12,30,82.95463562011719
356,30,120,24,12,30,82.95463562011719
359,30,120,24,12,30,82.95463562011719
875,90,120,24,24,30,82.9366683959961
872,90,120,24,24,30,82.9366683959961
873,90,120,24,24,30,82.9366683959961
874,90,120,24,24,30,82.9366683959961
951,90,240,36,12,30,82.90811920166016
950,90,240,36,12,30,82.90811920166016
949,90,240,36,12,30,82.90811920166016
948,90,240,36,12,30,82.90811920166016
102,10,120,24,12,30,82.74179077148438
100,10,120,24,12,30,82.74179077148438
101,10,120,24,12,30,82.74179077148438
103,10,120,24,12,30,82.74179077148438
802,90,60,24,6,30,82.724365234375
803,90,60,24,6,30,82.724365234375
801,90,60,24,6,30,82.724365234375
800,90,60,24,6,30,82.724365234375
691,60,240,36,6,30,82.58035278320312
690,60,240,36,6,30,82.58035278320312
689,60,240,36,6,30,82.58035278320312
688,60,240,36,6,30,82.58035278320312
617,60,120,24,24,30,82.39454650878906
616,60,120,24,24,30,82.39454650878906
618,60,120,24,24,30,82.39454650878906
619,60,120,24,24,30,82.39454650878906
879,90,120,24,36,30,82.26942443847656
876,90,120,24,36,30,82.26942443847656
877,90,120,24,36,30,82.26942443847656
878,90,120,24,36,30,82.26942443847656
362,30,120,24,24,30,82.03976440429688
361,30,120,24,24,30,82.03976440429688
363,30,120,24,24,30,82.03976440429688
360,30,120,24,24,30,82.03976440429688
105,10,120,24,24,30,81.9093017578125
104,10,120,24,24,30,81.9093017578125
107,10,120,24,24,30,81.9093017578125
106,10,120,24,24,30,81.9093017578125
620,60,120,24,36,30,81.88267517089844
622,60,120,24,36,30,81.88267517089844
623,60,120,24,36,30,81.88267517089844
621,60,120,24,36,30,81.88267517089844
364,30,120,24,36,30,81.64195251464844
365,30,120,24,36,30,81.64195251464844
366,30,120,24,36,30,81.64195251464844
367,30,120,24,36,30,81.64195251464844
108,10,120,24,36,30,81.55575561523438
109,10,120,24,36,30,81.55575561523438
110,10,120,24,36,30,81.55575561523438
111,10,120,24,36,30,81.55575561523438
693,60,240,36,12,30,81.536376953125
692,60,240,36,12,30,81.536376953125
695,60,240,36,12,30,81.536376953125
694,60,240,36,12,30,81.536376953125
432,30,240,36,6,30,81.52163696289062
433,30,240,36,6,30,81.52163696289062
434,30,240,36,6,30,81.52163696289062
435,30,240,36,6,30,81.52163696289062
806,90,60,24,12,30,81.44388580322266
804,90,60,24,12,30,81.44388580322266
807,90,60,24,12,30,81.44388580322266
805,90,60,24,12,30,81.44388580322266
952,90,240,36,24,30,81.31966400146484
953,90,240,36,24,30,81.31966400146484
954,90,240,36,24,30,81.31966400146484
955,90,240,36,24,30,81.31966400146484
179,10,240,36,6,30,81.09980773925781
176,10,240,36,6,30,81.09980773925781
177,10,240,36,6,30,81.09980773925781
178,10,240,36,6,30,81.09980773925781
545,60,60,24,6,30,80.74397277832031
546,60,60,24,6,30,80.74397277832031
547,60,60,24,6,30,80.74397277832031
544,60,60,24,6,30,80.74397277832031
438,30,240,36,12,30,80.58200073242188
439,30,240,36,12,30,80.58200073242188
436,30,240,36,12,30,80.58200073242188
437,30,240,36,12,30,80.58200073242188
957,90,240,36,36,30,80.52845764160156
958,90,240,36,36,30,80.52845764160156
959,90,240,36,36,30,80.52845764160156
956,90,240,36,36,30,80.52845764160156
181,10,240,36,12,30,80.218994140625
183,10,240,36,12,30,80.218994140625
180,10,240,36,12,30,80.218994140625
182,10,240,36,12,30,80.218994140625
698,60,240,36,24,30,80.1584701538086
699,60,240,36,24,30,80.1584701538086
696,60,240,36,24,30,80.1584701538086
697,60,240,36,24,30,80.1584701538086
880,90,120,36,6,30,79.93258666992188
883,90,120,36,6,30,79.93258666992188
882,90,120,36,6,30,79.93258666992188
881,90,120,36,6,30,79.93258666992188
810,90,60,24,24,30,79.60358428955078
811,90,60,24,24,30,79.60358428955078
809,90,60,24,24,30,79.60358428955078
808,90,60,24,24,30,79.60358428955078
700,60,240,36,36,30,79.53429412841797
701,60,240,36,36,30,79.53429412841797
702,60,240,36,36,30,79.53429412841797
703,60,240,36,36,30,79.53429412841797
551,60,60,24,12,30,79.5058364868164
550,60,60,24,12,30,79.5058364868164
549,60,60,24,12,30,79.5058364868164
548,60,60,24,12,30,79.5058364868164
442,30,240,36,24,30,79.43241882324219
443,30,240,36,24,30,79.43241882324219
440,30,240,36,24,30,79.43241882324219
441,30,240,36,24,30,79.43241882324219
288,30,60,24,6,30,79.31951141357422
289,30,60,24,6,30,79.31951141357422
291,30,60,24,6,30,79.31951141357422
290,30,60,24,6,30,79.31951141357422
185,10,240,36,24,30,79.17185974121094
184,10,240,36,24,30,79.17185974121094
187,10,240,36,24,30,79.17185974121094
186,10,240,36,24,30,79.17185974121094
447,30,240,36,36,30,78.94255065917969
446,30,240,36,36,30,78.94255065917969
444,30,240,36,36,30,78.94255065917969
445,30,240,36,36,30,78.94255065917969
32,10,60,24,6,30,78.76726531982422
35,10,60,24,6,30,78.76726531982422
34,10,60,24,6,30,78.76726531982422
33,10,60,24,6,30,78.76726531982422
188,10,240,36,36,30,78.73548126220703
190,10,240,36,36,30,78.73548126220703
191,10,240,36,36,30,78.73548126220703
189,10,240,36,36,30,78.73548126220703
813,90,60,24,36,30,78.70724487304688
814,90,60,24,36,30,78.70724487304688
815,90,60,24,36,30,78.70724487304688
812,90,60,24,36,30,78.70724487304688
884,90,120,36,12,30,78.30756378173828
887,90,120,36,12,30,78.30756378173828
886,90,120,36,12,30,78.30756378173828
885,90,120,36,12,30,78.30756378173828
295,30,60,24,12,30,78.21990966796875
294,30,60,24,12,30,78.21990966796875
293,30,60,24,12,30,78.21990966796875
292,30,60,24,12,30,78.21990966796875
552,60,60,24,24,30,77.91583251953125
555,60,60,24,24,30,77.91583251953125
554,60,60,24,24,30,77.91583251953125
553,60,60,24,24,30,77.91583251953125
36,10,60,24,12,30,77.74354553222656
37,10,60,24,12,30,77.74354553222656
39,10,60,24,12,30,77.74354553222656
38,10,60,24,12,30,77.74354553222656
559,60,60,24,36,30,77.21155548095703
558,60,60,24,36,30,77.21155548095703
557,60,60,24,36,30,77.21155548095703
556,60,60,24,36,30,77.21155548095703
624,60,120,36,6,30,77.00408935546875
625,60,120,36,6,30,77.00408935546875
626,60,120,36,6,30,77.00408935546875
627,60,120,36,6,30,77.00408935546875
296,30,60,24,24,30,76.90826416015625
298,30,60,24,24,30,76.90826416015625
297,30,60,24,24,30,76.90826416015625
299,30,60,24,24,30,76.90826416015625
819,90,60,36,6,30,76.80818176269531
818,90,60,36,6,30,76.80818176269531
817,90,60,36,6,30,76.80818176269531
816,90,60,36,6,30,76.80818176269531
42,10,60,24,24,30,76.5551528930664
43,10,60,24,24,30,76.5551528930664
41,10,60,24,24,30,76.5551528930664
40,10,60,24,24,30,76.5551528930664
300,30,60,24,36,30,76.36022186279297
301,30,60,24,36,30,76.36022186279297
302,30,60,24,36,30,76.36022186279297
303,30,60,24,36,30,76.36022186279297
889,90,120,36,24,30,76.09466552734375
888,90,120,36,24,30,76.09466552734375
891,90,120,36,24,30,76.09466552734375
890,90,120,36,24,30,76.09466552734375
47,10,60,24,36,30,76.06884002685547
46,10,60,24,36,30,76.06884002685547
44,10,60,24,36,30,76.06884002685547
45,10,60,24,36,30,76.06884002685547
629,60,120,36,12,30,75.51560974121094
630,60,120,36,12,30,75.51560974121094
631,60,120,36,12,30,75.51560974121094
628,60,120,36,12,30,75.51560974121094
370,30,120,36,6,30,75.08934020996094
371,30,120,36,6,30,75.08934020996094
369,30,120,36,6,30,75.08934020996094
368,30,120,36,6,30,75.08934020996094
895,90,120,36,36,30,75.06571197509766
894,90,120,36,36,30,75.06571197509766
893,90,120,36,36,30,75.06571197509766
892,90,120,36,36,30,75.06571197509766
821,90,60,36,12,30,74.9588623046875
822,90,60,36,12,30,74.9588623046875
823,90,60,36,12,30,74.9588623046875
820,90,60,36,12,30,74.9588623046875
115,10,120,36,6,30,74.38565826416016
112,10,120,36,6,30,74.38565826416016
113,10,120,36,6,30,74.38565826416016
114,10,120,36,6,30,74.38565826416016
373,30,120,36,12,30,73.83030700683594
374,30,120,36,12,30,73.83030700683594
372,30,120,36,12,30,73.83030700683594
375,30,120,36,12,30,73.83030700683594
632,60,120,36,24,30,73.70384216308594
633,60,120,36,24,30,73.70384216308594
634,60,120,36,24,30,73.70384216308594
635,60,120,36,24,30,73.70384216308594
561,60,60,36,6,30,73.27830505371094
562,60,60,36,6,30,73.27830505371094
563,60,60,36,6,30,73.27830505371094
560,60,60,36,6,30,73.27830505371094
119,10,120,36,12,30,73.23637390136719
117,10,120,36,12,30,73.23637390136719
118,10,120,36,12,30,73.23637390136719
116,10,120,36,12,30,73.23637390136719
636,60,120,36,36,30,72.93486022949219
639,60,120,36,36,30,72.93486022949219
638,60,120,36,36,30,72.93486022949219
637,60,120,36,36,30,72.93486022949219
824,90,60,36,24,30,72.58016967773438
826,90,60,36,24,30,72.58016967773438
827,90,60,36,24,30,72.58016967773438
825,90,60,36,24,30,72.58016967773438
376,30,120,36,24,30,72.39730072021484
379,30,120,36,24,30,72.39730072021484
378,30,120,36,24,30,72.39730072021484
377,30,120,36,24,30,72.39730072021484
123,10,120,36,24,30,71.95877075195312
122,10,120,36,24,30,71.95877075195312
121,10,120,36,24,30,71.95877075195312
120,10,120,36,24,30,71.95877075195312
380,30,120,36,36,30,71.81949615478516
381,30,120,36,36,30,71.81949615478516
382,30,120,36,36,30,71.81949615478516
383,30,120,36,36,30,71.81949615478516
564,60,60,36,12,30,71.7228775024414
566,60,60,36,12,30,71.7228775024414
567,60,60,36,12,30,71.7228775024414
565,60,60,36,12,30,71.7228775024414
831,90,60,36,36,30,71.52519989013672
830,90,60,36,36,30,71.52519989013672
828,90,60,36,36,30,71.52519989013672
829,90,60,36,36,30,71.52519989013672
124,10,120,36,36,30,71.4525375366211
125,10,120,36,36,30,71.4525375366211
127,10,120,36,36,30,71.4525375366211
126,10,120,36,36,30,71.4525375366211
306,30,60,36,6,30,71.18367004394531
305,30,60,36,6,30,71.18367004394531
304,30,60,36,6,30,71.18367004394531
307,30,60,36,6,30,71.18367004394531
50,10,60,36,6,30,70.45182800292969
48,10,60,36,6,30,70.45182800292969
49,10,60,36,6,30,70.45182800292969
51,10,60,36,6,30,70.45182800292969
308,30,60,36,12,30,69.9412612915039
309,30,60,36,12,30,69.9412612915039
310,30,60,36,12,30,69.9412612915039
311,30,60,36,12,30,69.9412612915039
568,60,60,36,24,30,69.92313385009766
569,60,60,36,24,30,69.92313385009766
570,60,60,36,24,30,69.92313385009766
571,60,60,36,24,30,69.92313385009766
54,10,60,36,12,30,69.34114074707031
53,10,60,36,12,30,69.34114074707031
55,10,60,36,12,30,69.34114074707031
52,10,60,36,12,30,69.34114074707031
573,60,60,36,36,30,69.18843841552734
574,60,60,36,36,30,69.18843841552734
575,60,60,36,36,30,69.18843841552734
572,60,60,36,36,30,69.18843841552734
312,30,60,36,24,30,68.58455657958984
314,30,60,36,24,30,68.58455657958984
315,30,60,36,24,30,68.58455657958984
313,30,60,36,24,30,68.58455657958984
59,10,60,36,24,30,68.15167236328125
56,10,60,36,24,30,68.15167236328125
57,10,60,36,24,30,68.15167236328125
58,10,60,36,24,30,68.15167236328125
316,30,60,36,36,30,68.053955078125
317,30,60,36,36,30,68.053955078125
318,30,60,36,36,30,68.053955078125
319,30,60,36,36,30,68.053955078125
60,10,60,36,36,30,67.6929702758789
62,10,60,36,36,30,67.6929702758789
63,10,60,36,36,30,67.6929702758789
61,10,60,36,36,30,67.6929702758789
